-1.25,504
-1.25,397
-1.25,184
-1.25,392
-1.25,332
-1.25,362
-1.25,62
-1.25,266
-1.25,337
-1.25,291
-1.25,242
-1.25,406
-1.25,388
-1.25,358
-1.25,341
-1.25,337
-1.25,226
-1.25,319
-1.25,184
-1.25,362
-1.25,332
-1.25,319
-1.25,397
-1.25,291
-1.25,337
-1.25,242
-1.25,501
-1.25,62
-1.25,266
-1.25,388
-1.25,337
-1.25,226
-1.25,341
-1.25,406
-1.25,358
-1.21,82
-1.21,15
-1.21,228
-1.21,-214
-1.21,61
-1.21,121
-1.21,56
-1.21,-10
-1.21,86
-1.21,-34
-1.21,116
-1.21,-92
-1.21,225
-1.21,130
-1.21,65
-1.21,61
-1.21,-214
-1.21,-233
-1.21,-50
-1.21,61
-1.21,-233
-1.21,15
-1.21,82
-1.21,121
-1.21,-34
-1.21,86
-1.21,-10
-1.21,56
-1.21,61
-1.21,112
-1.21,65
-1.21,228
-1.21,225
-1.21,-92
-1.21,130
-0.95,64
-0.95,-114
-0.95,90
-0.95,-32
-0.95,-72
-0.95,60
-0.95,-56
-0.95,-7
-0.95,108
-0.95,39
-0.95,34
-0.95,-236
-0.95,21
-0.95,-255
-0.95,206
-0.95,-114
-0.95,-32
-0.95,90
-0.95,94
-0.95,39
-0.95,203
-0.95,39
-0.95,108
-0.95,94
-0.95,-7
-0.95,-56
-0.95,60
-0.95,-72
-0.95,21
-0.95,206
-0.95,99
-0.95,-255
-0.95,34
-0.95,99
-0.95,-236
-1.03,191
-1.03,101
-1.03,-98
-1.03,85
-1.03,265
-1.03,221
-1.03,363
-1.03,256
-1.03,178
-1.03,125
-1.03,360
-1.03,150
-1.03,251
-1.03,247
-1.03,217
-1.03,200
-1.03,196
-1.03,-98
-1.03,-79
-1.03,196
-1.03,85
-1.03,256
-1.03,363
-1.03,196
-1.03,221
-1.03,265
-1.03,101
-1.03,150
-1.03,125
-1.03,247
-1.03,251
-1.03,360
-0.94,-117
-0.94,-121
-0.94,-232
-0.94,-100
-0.94,46
-0.94,-121
-0.94,-66
-0.94,-415
-0.94,-70
-0.94,-216
-0.94,-192
-0.94,-139
-0.94,-274
-0.94,-396
-0.94,-96
-0.94,-167
-0.94,-232
-0.94,-121
-0.94,46
-0.94,-167
-0.94,-121
-0.94,-117
-0.94,-126
-0.94,-192
-0.94,-216
-0.94,-100
-0.94,-52
-0.94,-415
-0.94,-66
-0.94,-96
-0.94,-396
-0.94,-61
-0.94,-126
-1.24,82
-1.24,15
-1.24,228
-1.24,-214
-1.24,61
-1.24,121
-1.24,56
-1.24,-10
-1.24,86
-1.24,-34
-1.24,116
-1.24,-92
-1.24,225
-1.24,130
-1.24,65
-1.24,-233
-1.24,121
-1.24,116
-1.24,65
-1.24,-50
-1.24,112
-1.24,228
-1.24,225
-1.24,-92
-1.24,130
-1.06,207
-1.06,485
-1.06,223
-1.06,300
-1.06,387
-1.06,165
-1.06,24
-1.06,378
-1.06,313
-1.06,369
-1.06,272
-1.06,322
-1.06,482
-1.06,339
-1.06,318
-1.06,300
-1.06,223
-1.06,165
-1.06,387
-1.06,343
-1.06,485
-1.06,207
-1.06,369
-1.06,378
-1.06,24
-1.06,482
-1.06,373
-1.06,318
-1.06,339
-1.06,322
-1.06,25
-1.06,-97
-1.06,-26
-1.06,-301
-1.06,-5
-1.06,34
-1.06,138
-1.06,-22
-1.06,141
-1.06,-320
-1.06,-44
-1.06,-26
-1.06,-72
-1.06,-1
-1.06,-5
-1.06,-301
-1.06,-137
-1.06,-97
-1.06,25
-1.06,141
-1.06,-22
-1.06,-26
-1.06,138
-1.06,29
-1.06,-179
-1.06,34
-1.06,-26
-1.06,-31
-1.06,-320
-1.06,-44
-1.03,82
-1.03,15
-1.03,228
-1.03,-214
-1.03,61
-1.03,121
-1.03,56
-1.03,-34
-1.03,116
-1.03,-92
-1.03,225
-1.03,130
-1.03,65
-1.03,61
-1.03,-50
-1.03,61
-1.03,-233
-1.03,15
-1.03,121
-1.03,116
-1.03,-34
-1.03,86
-1.03,-10
-1.03,56
-1.03,61
-1.03,112
-1.03,65
-1.03,112
-1.03,228
-1.03,225
-1.03,-92
-1.03,130
-1.14,191
-1.14,101
-1.14,-98
-1.14,200
-1.14,85
-1.14,-79
-1.14,221
-1.14,363
-1.14,196
-1.14,256
-1.14,178
-1.14,360
-1.14,150
-1.14,251
-1.14,-98
-1.14,196
-1.14,191
-1.14,256
-1.14,363
-1.14,196
-1.14,221
-1.14,265
-1.14,101
-1.14,150
-1.14,125
-1.14,247
-1.14,217
-1.14,178
-1.14,360
-1.08,163
-1.08,-15
-1.08,-137
-1.08,305
-1.08,198
-1.08,27
-1.08,138
-1.08,133
-1.08,142
-1.08,120
-1.08,302
-1.08,-156
-1.08,138
-1.08,67
-1.08,92
-1.08,193
-1.08,305
-1.08,-137
-1.08,198
-1.08,159
-1.08,163
-1.08,120
-1.08,-156
-1.08,142
-1.08,133
-1.08,138
-1.08,207
-1.08,-15
-1.08,67
-1.08,92
-1.08,193
-1.08,27
-1.08,138
-0.91,-112
-0.91,-35
-0.91,-292
-0.91,52
-0.91,8
-0.91,-170
-0.91,-22
-0.91,4
-0.91,-17
-0.91,38
-0.91,147
-0.91,-88
-0.91,-311
-0.91,-17
-0.91,-35
-0.91,-170
-0.91,8
-0.91,-292
-0.91,34
-0.91,150
-0.91,-63
-0.91,52
-0.91,-13
-0.91,-128
-0.91,-13
-0.91,-17
-0.93,387
-0.93,165
-0.93,24
-0.93,378
-0.93,318
-0.93,313
-0.93,247
-0.93,369
-0.93,482
-0.93,339
-0.93,373
-0.93,300
-0.93,343
-0.93,165
-0.93,387
-0.93,343
-0.93,485
-0.93,207
-0.93,369
-0.93,247
-0.93,313
-0.93,378
-0.93,24
-0.93,318
-0.93,373
-0.93,318
-0.93,339
-0.93,322
-0.91,89
-0.91,71
-0.91,84
-0.91,158
-0.91,18
-0.91,144
-0.91,114
-0.91,140
-0.91,-22
-0.91,93
-0.91,-205
-0.91,110
-0.91,-186
-0.91,89
-0.91,-64
-0.91,149
-0.91,-6
-0.91,158
-0.91,253
-0.91,84
-0.91,253
-0.91,71
-0.91,89
-0.91,-205
-0.91,93
-0.91,-22
-0.91,140
-0.91,114
-0.91,149
-0.91,-64
-0.91,-6
-0.91,256
-1,207
-1,485
-1,223
-1,300
-1,387
-1,165
-1,24
-1,318
-1,313
-1,247
-1,272
-1,322
-1,482
-1,339
-1,318
-1,343
-1,223
-1,165
-1,387
-1,369
-1,378
-1,24
-1,318
-1,482
-1,373
-1,318
-1,272
-1,322
-1.22,94
-1.22,68
-1.22,25
-1.22,38
-1.22,68
-1.22,-110
-1.22,38
-1.22,-110
-1.22,25
-1.22,207
-1.22,-28
-1.22,103
-1.22,47
-1.22,43
-1.22,-251
-1.22,-68
-1.22,210
-1.22,-52
-1.22,-68
-1.22,-232
-1.22,112
-1.22,64
-1.22,-28
-1.22,98
-1.22,-3
-1.29,101
-1.29,200
-1.29,363
-1.29,196
-1.29,178
-1.29,125
-1.29,360
-1.29,150
-1.29,247
-1.29,217
-1.29,-79
-1.29,196
-1.29,85
-1.29,191
-1.29,196
-1.29,221
-1.29,265
-1.29,101
-1.29,150
-1.29,247
-1.29,251
-1.29,178
-1.29,360
-1.28,169
-1.28,183
-1.28,135
-1.28,114
-1.28,68
-1.28,118
-1.28,165
-1.28,96
-1.28,-180
-1.28,-161
-1.28,109
-1.28,281
-1.28,114
-1.28,174
-1.28,135
-1.28,118
-1.28,139
-1.28,68
-1.08,207
-1.08,485
-1.08,223
-1.08,387
-1.08,165
-1.08,378
-1.08,318
-1.08,313
-1.08,369
-1.08,272
-1.08,322
-1.08,482
-1.08,373
-1.08,318
-1.08,300
-1.08,223
-1.08,343
-1.08,485
-1.08,207
-1.08,369
-1.08,247
-1.08,313
-1.08,24
-1.08,318
-1.08,482
-1.08,339
-1.08,272
-1.08,322
-0.98,-105
-0.98,48
-0.98,-63
-0.98,215
-0.98,2
-0.98,48
-0.98,-246
-0.98,215
-0.98,73
-0.98,-105
-0.98,212
-0.98,108
-0.98,69
-0.98,-227
-0.98,-47
-0.98,30
-0.98,48
-0.98,103
-0.98,117
-0.98,212
-0.98,52
-0.98,99
-1.42,-63
-1.42,-246
-1.42,48
-1.42,30
-1.42,-47
-1.42,48
-1.42,-227
-1.42,69
-1.42,108
-1.42,52
-1.42,103
-1.42,-23
-1.42,99
-1.42,117
-1.42,-63
-1.42,215
-1.42,2
-1.42,48
-1.42,-246
-1.42,215
-1.42,73
-1.42,212
-1.42,-227
-1.42,-47
-1.42,48
-1.42,212
-1.42,52
-1.42,-23
-1.39,-15
-1.39,-137
-1.39,305
-1.39,198
-1.39,27
-1.39,138
-1.39,133
-1.39,142
-1.39,120
-1.39,302
-1.39,-156
-1.39,138
-1.39,67
-1.39,189
-1.08,-32
-1.08,90
-1.08,94
-1.08,39
-1.08,203
-1.08,39
-1.08,108
-1.08,94
-1.08,-7
-1.08,-56
-1.08,60
-1.08,-72
-1.08,21
-1.08,206
-1.08,99
-1.08,-255
-1.08,34
-1.08,99
-1.08,-236
-1.12,191
-1.12,101
-1.12,200
-1.12,85
-1.12,-79
-1.12,265
-1.12,221
-1.12,125
-1.12,251
-1.12,-79
-1.12,196
-1.12,256
-1.12,363
-1.12,196
-1.12,221
-1.12,265
-1.12,101
-1.12,150
-1.12,125
-1.12,247
-1.12,217
-1.16,15
-1.16,-10
-1.16,86
-1.16,-34
-1.16,130
-1.16,65
-1.16,61
-1.16,-50
-1.16,61
-1.16,-233
-1.16,15
-1.16,82
-1.16,121
-1.16,-34
-1.16,86
-1.16,-10
-1.16,56
-1.16,61
-1.16,112
-1.16,65
-1.16,-50
-1.16,112
-1.16,225
-0.91,-49
-0.91,186
-0.91,47
-0.91,91
-0.91,26
-0.91,77
-0.91,73
-0.91,17
-0.91,-24
-0.91,-253
-0.91,22
-0.91,-131
-0.91,-49
-0.91,91
-0.91,47
-0.91,-73
-0.91,-89
-0.91,4
-0.91,-73
-0.91,-24
-0.91,17
-0.91,186
-0.91,73
-0.91,77
-0.91,26
-0.91,189
-1.32,319
-1.32,504
-1.32,392
-1.32,291
-1.32,337
-1.32,242
-1.32,62
-1.32,266
-1.32,388
-1.32,337
-1.32,226
-1.32,341
-1.32,358
-1.02,-105
-1.02,73
-1.02,2
-1.02,-63
-1.02,-246
-1.02,48
-1.02,30
-1.02,-47
-1.02,48
-1.02,-227
-1.02,69
-1.02,108
-1.02,52
-1.02,103
-1.02,-23
-1.02,99
-1.02,117
-1.02,215
-1.02,2
-1.02,48
-1.02,-246
-1.02,69
-1.02,103
-1.02,52
-1.02,99
-0.91,13
-0.91,22
-0.91,-276
-0.91,-28
-0.91,69
-0.91,-93
-0.91,73
-0.91,182
-0.91,18
-0.91,-257
-0.91,22
-0.91,87
-0.91,-276
-0.91,-53
-0.91,39
-0.91,-257
-0.91,13
-0.91,-77
-0.91,18
-0.91,185
-0.91,78
-0.91,0
-0.91,-135
-0.91,-28
-0.91,182
-0.91,-93
-0.91,-53
-0.91,87
-0.91,69
-0.91,73
-1.09,-83
-1.09,39
-1.09,48
-1.09,-306
-1.09,-12
-1.09,-58
-1.09,152
-1.09,57
-1.09,9
-1.09,155
-1.09,-30
-1.09,-123
-1.09,-12
-1.09,-17
-1.09,13
-1.09,-165
-1.09,-287
-1.09,-107
-1.09,48
-1.09,-12
-1.09,39
-1.09,-306
-1.09,-30
-1,504
-1,397
-1,184
-1,362
-1,62
-1,501
-1,266
-1,337
-1,337
-1,226
-1,319
-1,362
-1,332
-1,319
-1,397
-1,242
-1,501
-1,62
-1,406
-1,358
-0.25,504
-0.25,397
-0.25,184
-0.25,392
-0.25,332
-0.25,362
-0.25,62
-0.25,266
-0.25,337
-0.25,291
-0.25,242
-0.25,406
-0.25,388
-0.25,358
-0.25,341
-0.25,337
-0.25,226
-0.25,319
-0.25,184
-0.25,362
-0.25,332
-0.25,319
-0.25,397
-0.25,291
-0.25,337
-0.25,242
-0.25,501
-0.25,62
-0.25,266
-0.25,388
-0.25,337
-0.25,226
-0.25,341
-0.25,406
-0.25,358
-0.21,82
-0.21,15
-0.21,228
-0.21,-214
-0.21,61
-0.21,121
-0.21,56
-0.21,-10
-0.21,86
-0.21,-34
-0.21,116
-0.21,-92
-0.21,225
-0.21,130
-0.21,65
-0.21,61
-0.21,-214
-0.21,-233
-0.21,-50
-0.21,61
-0.21,-233
-0.21,15
-0.21,82
-0.21,121
-0.21,-34
-0.21,86
-0.21,-10
-0.21,56
-0.21,61
-0.21,112
-0.21,65
-0.21,228
-0.21,225
-0.21,-92
-0.21,130
0.05,64
0.05,-114
0.05,90
0.05,-32
0.05,-72
0.05,60
0.05,-56
0.05,-7
0.05,108
0.05,39
0.05,34
0.05,-236
0.05,21
0.05,-255
0.05,206
0.05,-114
0.05,-32
0.05,90
0.05,94
0.05,39
0.05,203
0.05,39
0.05,108
0.05,94
0.05,-7
0.05,-56
0.05,60
0.05,-72
0.05,21
0.05,206
0.05,99
0.05,-255
0.05,34
0.05,99
0.05,-236
-0.03,191
-0.03,101
-0.03,-98
-0.03,85
-0.03,265
-0.03,221
-0.03,363
-0.03,256
-0.03,178
-0.03,125
-0.03,360
-0.03,150
-0.03,251
-0.03,247
-0.03,217
-0.03,200
-0.03,196
-0.03,-98
-0.03,-79
-0.03,196
-0.03,85
-0.03,256
-0.03,363
-0.03,196
-0.03,221
-0.03,265
-0.03,101
-0.03,150
-0.03,125
-0.03,247
-0.03,251
-0.03,360
0.06,-117
0.06,-121
0.06,-232
0.06,-100
0.06,46
0.06,-121
0.06,-66
0.06,-415
0.06,-70
0.06,-216
0.06,-192
0.06,-139
0.06,-274
0.06,-396
0.06,-96
0.06,-167
0.06,-232
0.06,-121
0.06,46
0.06,-167
0.06,-121
0.06,-117
0.06,-126
0.06,-192
0.06,-216
0.06,-100
0.06,-52
0.06,-415
0.06,-66
0.06,-96
0.06,-396
0.06,-61
0.06,-126
-0.24,82
-0.24,15
-0.24,228
-0.24,-214
-0.24,61
-0.24,121
-0.24,56
-0.24,-10
-0.24,86
-0.24,-34
-0.24,116
-0.24,-92
-0.24,225
-0.24,130
-0.24,65
-0.24,-233
-0.24,121
-0.24,116
-0.24,65
-0.24,-50
-0.24,112
-0.24,228
-0.24,225
-0.24,-92
-0.24,130
-0.06,207
-0.06,485
-0.06,223
-0.06,300
-0.06,387
-0.06,165
-0.06,24
-0.06,378
-0.06,313
-0.06,369
-0.06,272
-0.06,322
-0.06,482
-0.06,339
-0.06,318
-0.06,300
-0.06,223
-0.06,165
-0.06,387
-0.06,343
-0.06,485
-0.06,207
-0.06,369
-0.06,378
-0.06,24
-0.06,482
-0.06,373
-0.06,318
-0.06,339
-0.06,322
-0.06,25
-0.06,-97
-0.06,-26
-0.06,-301
-0.06,-5
-0.06,34
-0.06,138
-0.06,-22
-0.06,141
-0.06,-320
-0.06,-44
-0.06,-26
-0.06,-72
-0.06,-1
-0.06,-5
-0.06,-301
-0.06,-137
-0.06,-97
-0.06,25
-0.06,141
-0.06,-22
-0.06,-26
-0.06,138
-0.06,29
-0.06,-179
-0.06,34
-0.06,-26
-0.06,-31
-0.06,-320
-0.06,-44
-0.03,82
-0.03,15
-0.03,228
-0.03,-214
-0.03,61
-0.03,121
-0.03,56
-0.03,-34
-0.03,116
-0.03,-92
-0.03,225
-0.03,130
-0.03,65
-0.03,61
-0.03,-50
-0.03,61
-0.03,-233
-0.03,15
-0.03,121
-0.03,116
-0.03,-34
-0.03,86
-0.03,-10
-0.03,56
-0.03,61
-0.03,112
-0.03,65
-0.03,112
-0.03,228
-0.03,225
-0.03,-92
-0.03,130
-0.14,191
-0.14,101
-0.14,-98
-0.14,200
-0.14,85
-0.14,-79
-0.14,221
-0.14,363
-0.14,196
-0.14,256
-0.14,178
-0.14,360
-0.14,150
-0.14,251
-0.14,-98
-0.14,196
-0.14,191
-0.14,256
-0.14,363
-0.14,196
-0.14,221
-0.14,265
-0.14,101
-0.14,150
-0.14,125
-0.14,247
-0.14,217
-0.14,178
-0.14,360
-0.08,163
-0.08,-15
-0.08,-137
-0.08,305
-0.08,198
-0.08,27
-0.08,138
-0.08,133
-0.08,142
-0.08,120
-0.08,302
-0.08,-156
-0.08,138
-0.08,67
-0.08,92
-0.08,193
-0.08,305
-0.08,-137
-0.08,198
-0.08,159
-0.08,163
-0.08,120
-0.08,-156
-0.08,142
-0.08,133
-0.08,138
-0.08,207
-0.08,-15
-0.08,67
-0.08,92
-0.08,193
-0.08,27
-0.08,138
0.09,-112
0.09,-35
0.09,-292
0.09,52
0.09,8
0.09,-170
0.09,-22
0.09,4
0.09,-17
0.09,38
0.09,147
0.09,-88
0.09,-311
0.09,-17
0.09,-35
0.09,-170
0.09,8
0.09,-292
0.09,34
0.09,150
0.09,-63
0.09,52
0.09,-13
0.09,-128
0.09,-13
0.09,-17
0.07,387
0.07,165
0.07,24
0.07,378
0.07,318
0.07,313
0.07,247
0.07,369
0.07,482
0.07,339
0.07,373
0.07,300
0.07,343
0.07,165
0.07,387
0.07,343
0.07,485
0.07,207
0.07,369
0.07,247
0.07,313
0.07,378
0.07,24
0.07,318
0.07,373
0.07,318
0.07,339
0.07,322
0.09,89
0.09,71
0.09,84
0.09,158
0.09,18
0.09,144
0.09,114
0.09,140
0.09,-22
0.09,93
0.09,-205
0.09,110
0.09,-186
0.09,89
0.09,-64
0.09,149
0.09,-6
0.09,158
0.09,253
0.09,84
0.09,253
0.09,71
0.09,89
0.09,-205
0.09,93
0.09,-22
0.09,140
0.09,114
0.09,149
0.09,-64
0.09,-6
0.09,256
0,207
0,485
0,223
0,300
0,387
0,165
0,24
0,318
0,313
0,247
0,272
0,322
0,482
0,339
0,318
0,343
0,223
0,165
0,387
0,369
0,378
0,24
0,318
0,482
0,373
0,318
0,272
0,322
-0.22,94
-0.22,68
-0.22,25
-0.22,38
-0.22,68
-0.22,-110
-0.22,38
-0.22,-110
-0.22,25
-0.22,207
-0.22,-28
-0.22,103
-0.22,47
-0.22,43
-0.22,-251
-0.22,-68
-0.22,210
-0.22,-52
-0.22,-68
-0.22,-232
-0.22,112
-0.22,64
-0.22,-28
-0.22,98
-0.22,-3
-0.29,101
-0.29,200
-0.29,363
-0.29,196
-0.29,178
-0.29,125
-0.29,360
-0.29,150
-0.29,247
-0.29,217
-0.29,-79
-0.29,196
-0.29,85
-0.29,191
-0.29,196
-0.29,221
-0.29,265
-0.29,101
-0.29,150
-0.29,247
-0.29,251
-0.29,178
-0.29,360
-0.28,169
-0.28,183
-0.28,135
-0.28,114
-0.28,68
-0.28,118
-0.28,165
-0.28,96
-0.28,-180
-0.28,-161
-0.28,109
-0.28,281
-0.28,114
-0.28,174
-0.28,135
-0.28,118
-0.28,139
-0.28,68
-0.08,207
-0.08,485
-0.08,223
-0.08,387
-0.08,165
-0.08,378
-0.08,318
-0.08,313
-0.08,369
-0.08,272
-0.08,322
-0.08,482
-0.08,373
-0.08,318
-0.08,300
-0.08,223
-0.08,343
-0.08,485
-0.08,207
-0.08,369
-0.08,247
-0.08,313
-0.08,24
-0.08,318
-0.08,482
-0.08,339
-0.08,272
-0.08,322
0.02,-105
0.02,48
0.02,-63
0.02,215
0.02,2
0.02,48
0.02,-246
0.02,215
0.02,73
0.02,-105
0.02,212
0.02,108
0.02,69
0.02,-227
0.02,-47
0.02,30
0.02,48
0.02,103
0.02,117
0.02,212
0.02,52
0.02,99
-0.42,-63
-0.42,-246
-0.42,48
-0.42,30
-0.42,-47
-0.42,48
-0.42,-227
-0.42,69
-0.42,108
-0.42,52
-0.42,103
-0.42,-23
-0.42,99
-0.42,117
-0.42,-63
-0.42,215
-0.42,2
-0.42,48
-0.42,-246
-0.42,215
-0.42,73
-0.42,212
-0.42,-227
-0.42,-47
-0.42,48
-0.42,212
-0.42,52
-0.42,-23
-0.39,-15
-0.39,-137
-0.39,305
-0.39,198
-0.39,27
-0.39,138
-0.39,133
-0.39,142
-0.39,120
-0.39,302
-0.39,-156
-0.39,138
-0.39,67
-0.39,189
-0.08,-32
-0.08,90
-0.08,94
-0.08,39
-0.08,203
-0.08,39
-0.08,108
-0.08,94
-0.08,-7
-0.08,-56
-0.08,60
-0.08,-72
-0.08,21
-0.08,206
-0.08,99
-0.08,-255
-0.08,34
-0.08,99
-0.08,-236
-0.12,191
-0.12,101
-0.12,200
-0.12,85
-0.12,-79
-0.12,265
-0.12,221
-0.12,125
-0.12,251
-0.12,-79
-0.12,196
-0.12,256
-0.12,363
-0.12,196
-0.12,221
-0.12,265
-0.12,101
-0.12,150
-0.12,125
-0.12,247
-0.12,217
-0.16,15
-0.16,-10
-0.16,86
-0.16,-34
-0.16,130
-0.16,65
-0.16,61
-0.16,-50
-0.16,61
-0.16,-233
-0.16,15
-0.16,82
-0.16,121
-0.16,-34
-0.16,86
-0.16,-10
-0.16,56
-0.16,61
-0.16,112
-0.16,65
-0.16,-50
-0.16,112
-0.16,225
0.09,-49
0.09,186
0.09,47
0.09,91
0.09,26
0.09,77
0.09,73
0.09,17
0.09,-24
0.09,-253
0.09,22
0.09,-131
0.09,-49
0.09,91
0.09,47
0.09,-73
0.09,-89
0.09,4
0.09,-73
0.09,-24
0.09,17
0.09,186
0.09,73
0.09,77
0.09,26
0.09,189
-0.32,319
-0.32,504
-0.32,392
-0.32,291
-0.32,337
-0.32,242
-0.32,62
-0.32,266
-0.32,388
-0.32,337
-0.32,226
-0.32,341
-0.32,358
-0.02,-105
-0.02,73
-0.02,2
-0.02,-63
-0.02,-246
-0.02,48
-0.02,30
-0.02,-47
-0.02,48
-0.02,-227
-0.02,69
-0.02,108
-0.02,52
-0.02,103
-0.02,-23
-0.02,99
-0.02,117
-0.02,215
-0.02,2
-0.02,48
-0.02,-246
-0.02,69
-0.02,103
-0.02,52
-0.02,99
0.09,13
0.09,22
0.09,-276
0.09,-28
0.09,69
0.09,-93
0.09,73
0.09,182
0.09,18
0.09,-257
0.09,22
0.09,87
0.09,-276
0.09,-53
0.09,39
0.09,-257
0.09,13
0.09,-77
0.09,18
0.09,185
0.09,78
0.09,0
0.09,-135
0.09,-28
0.09,182
0.09,-93
0.09,-53
0.09,87
0.09,69
0.09,73
-0.09,-83
-0.09,39
-0.09,48
-0.09,-306
-0.09,-12
-0.09,-58
-0.09,152
-0.09,57
-0.09,9
-0.09,155
-0.09,-30
-0.09,-123
-0.09,-12
-0.09,-17
-0.09,13
-0.09,-165
-0.09,-287
-0.09,-107
-0.09,48
-0.09,-12
-0.09,39
-0.09,-306
-0.09,-30
0,504
0,397
0,184
0,362
0,62
0,501
0,266
0,337
0,337
0,226
0,319
0,362
0,332
0,319
0,397
0,242
0,501
0,62
0,406
0,358
0.75,504
0.75,397
0.75,184
0.75,392
0.75,332
0.75,362
0.75,62
0.75,266
0.75,337
0.75,291
0.75,242
0.75,406
0.75,388
0.75,358
0.75,341
0.75,337
0.75,226
0.75,319
0.75,184
0.75,362
0.75,332
0.75,319
0.75,397
0.75,291
0.75,337
0.75,242
0.75,501
0.75,62
0.75,266
0.75,388
0.75,337
0.75,226
0.75,341
0.75,406
0.75,358
0.79,82
0.79,15
0.79,228
0.79,-214
0.79,61
0.79,121
0.79,56
0.79,-10
0.79,86
0.79,-34
0.79,116
0.79,-92
0.79,225
0.79,130
0.79,65
0.79,61
0.79,-214
0.79,-233
0.79,-50
0.79,61
0.79,-233
0.79,15
0.79,82
0.79,121
0.79,-34
0.79,86
0.79,-10
0.79,56
0.79,61
0.79,112
0.79,65
0.79,228
0.79,225
0.79,-92
0.79,130
1.05,64
1.05,-114
1.05,90
1.05,-32
1.05,-72
1.05,60
1.05,-56
1.05,-7
1.05,108
1.05,39
1.05,34
1.05,-236
1.05,21
1.05,-255
1.05,206
1.05,-114
1.05,-32
1.05,90
1.05,94
1.05,39
1.05,203
1.05,39
1.05,108
1.05,94
1.05,-7
1.05,-56
1.05,60
1.05,-72
1.05,21
1.05,206
1.05,99
1.05,-255
1.05,34
1.05,99
1.05,-236
0.97,191
0.97,101
0.97,-98
0.97,85
0.97,265
0.97,221
0.97,363
0.97,256
0.97,178
0.97,125
0.97,360
0.97,150
0.97,251
0.97,247
0.97,217
0.97,200
0.97,196
0.97,-98
0.97,-79
0.97,196
0.97,85
0.97,256
0.97,363
0.97,196
0.97,221
0.97,265
0.97,101
0.97,150
0.97,125
0.97,247
0.97,251
0.97,360
1.06,-117
1.06,-121
1.06,-232
1.06,-100
1.06,46
1.06,-121
1.06,-66
1.06,-415
1.06,-70
1.06,-216
1.06,-192
1.06,-139
1.06,-274
1.06,-396
1.06,-96
1.06,-167
1.06,-232
1.06,-121
1.06,46
1.06,-167
1.06,-121
1.06,-117
1.06,-126
1.06,-192
1.06,-216
1.06,-100
1.06,-52
1.06,-415
1.06,-66
1.06,-96
1.06,-396
1.06,-61
1.06,-126
0.76,82
0.76,15
0.76,228
0.76,-214
0.76,61
0.76,121
0.76,56
0.76,-10
0.76,86
0.76,-34
0.76,116
0.76,-92
0.76,225
0.76,130
0.76,65
0.76,-233
0.76,121
0.76,116
0.76,65
0.76,-50
0.76,112
0.76,228
0.76,225
0.76,-92
0.76,130
0.94,207
0.94,485
0.94,223
0.94,300
0.94,387
0.94,165
0.94,24
0.94,378
0.94,313
0.94,369
0.94,272
0.94,322
0.94,482
0.94,339
0.94,318
0.94,300
0.94,223
0.94,165
0.94,387
0.94,343
0.94,485
0.94,207
0.94,369
0.94,378
0.94,24
0.94,482
0.94,373
0.94,318
0.94,339
0.94,322
0.94,25
0.94,-97
0.94,-26
0.94,-301
0.94,-5
0.94,34
0.94,138
0.94,-22
0.94,141
0.94,-320
0.94,-44
0.94,-26
0.94,-72
0.94,-1
0.94,-5
0.94,-301
0.94,-137
0.94,-97
0.94,25
0.94,141
0.94,-22
0.94,-26
0.94,138
0.94,29
0.94,-179
0.94,34
0.94,-26
0.94,-31
0.94,-320
0.94,-44
0.97,82
0.97,15
0.97,228
0.97,-214
0.97,61
0.97,121
0.97,56
0.97,-34
0.97,116
0.97,-92
0.97,225
0.97,130
0.97,65
0.97,61
0.97,-50
0.97,61
0.97,-233
0.97,15
0.97,121
0.97,116
0.97,-34
0.97,86
0.97,-10
0.97,56
0.97,61
0.97,112
0.97,65
0.97,112
0.97,228
0.97,225
0.97,-92
0.97,130
0.86,191
0.86,101
0.86,-98
0.86,200
0.86,85
0.86,-79
0.86,221
0.86,363
0.86,196
0.86,256
0.86,178
0.86,360
0.86,150
0.86,251
0.86,-98
0.86,196
0.86,191
0.86,256
0.86,363
0.86,196
0.86,221
0.86,265
0.86,101
0.86,150
0.86,125
0.86,247
0.86,217
0.86,178
0.86,360
0.92,163
0.92,-15
0.92,-137
0.92,305
0.92,198
0.92,27
0.92,138
0.92,133
0.92,142
0.92,120
0.92,302
0.92,-156
0.92,138
0.92,67
0.92,92
0.92,193
0.92,305
0.92,-137
0.92,198
0.92,159
0.92,163
0.92,120
0.92,-156
0.92,142
0.92,133
0.92,138
0.92,207
0.92,-15
0.92,67
0.92,92
0.92,193
0.92,27
0.92,138
1.09,-112
1.09,-35
1.09,-292
1.09,52
1.09,8
1.09,-170
1.09,-22
1.09,4
1.09,-17
1.09,38
1.09,147
1.09,-88
1.09,-311
1.09,-17
1.09,-35
1.09,-170
1.09,8
1.09,-292
1.09,34
1.09,150
1.09,-63
1.09,52
1.09,-13
1.09,-128
1.09,-13
1.09,-17
1.07,387
1.07,165
1.07,24
1.07,378
1.07,318
1.07,313
1.07,247
1.07,369
1.07,482
1.07,339
1.07,373
1.07,300
1.07,343
1.07,165
1.07,387
1.07,343
1.07,485
1.07,207
1.07,369
1.07,247
1.07,313
1.07,378
1.07,24
1.07,318
1.07,373
1.07,318
1.07,339
1.07,322
1.09,89
1.09,71
1.09,84
1.09,158
1.09,18
1.09,144
1.09,114
1.09,140
1.09,-22
1.09,93
1.09,-205
1.09,110
1.09,-186
1.09,89
1.09,-64
1.09,149
1.09,-6
1.09,158
1.09,253
1.09,84
1.09,253
1.09,71
1.09,89
1.09,-205
1.09,93
1.09,-22
1.09,140
1.09,114
1.09,149
1.09,-64
1.09,-6
1.09,256
1,207
1,485
1,223
1,300
1,387
1,165
1,24
1,318
1,313
1,247
1,272
1,322
1,482
1,339
1,318
1,343
1,223
1,165
1,387
1,369
1,378
1,24
1,318
1,482
1,373
1,318
1,272
1,322
0.78,94
0.78,68
0.78,25
0.78,38
0.78,68
0.78,-110
0.78,38
0.78,-110
0.78,25
0.78,207
0.78,-28
0.78,103
0.78,47
0.78,43
0.78,-251
0.78,-68
0.78,210
0.78,-52
0.78,-68
0.78,-232
0.78,112
0.78,64
0.78,-28
0.78,98
0.78,-3
0.71,101
0.71,200
0.71,363
0.71,196
0.71,178
0.71,125
0.71,360
0.71,150
0.71,247
0.71,217
0.71,-79
0.71,196
0.71,85
0.71,191
0.71,196
0.71,221
0.71,265
0.71,101
0.71,150
0.71,247
0.71,251
0.71,178
0.71,360
0.72,169
0.72,183
0.72,135
0.72,114
0.72,68
0.72,118
0.72,165
0.72,96
0.72,-180
0.72,-161
0.72,109
0.72,281
0.72,114
0.72,174
0.72,135
0.72,118
0.72,139
0.72,68
0.92,207
0.92,485
0.92,223
0.92,387
0.92,165
0.92,378
0.92,318
0.92,313
0.92,369
0.92,272
0.92,322
0.92,482
0.92,373
0.92,318
0.92,300
0.92,223
0.92,343
0.92,485
0.92,207
0.92,369
0.92,247
0.92,313
0.92,24
0.92,318
0.92,482
0.92,339
0.92,272
0.92,322
1.02,-105
1.02,48
1.02,-63
1.02,215
1.02,2
1.02,48
1.02,-246
1.02,215
1.02,73
1.02,-105
1.02,212
1.02,108
1.02,69
1.02,-227
1.02,-47
1.02,30
1.02,48
1.02,103
1.02,117
1.02,212
1.02,52
1.02,99
0.58,-63
0.58,-246
0.58,48
0.58,30
0.58,-47
0.58,48
0.58,-227
0.58,69
0.58,108
0.58,52
0.58,103
0.58,-23
0.58,99
0.58,117
0.58,-63
0.58,215
0.58,2
0.58,48
0.58,-246
0.58,215
0.58,73
0.58,212
0.58,-227
0.58,-47
0.58,48
0.58,212
0.58,52
0.58,-23
0.61,-15
0.61,-137
0.61,305
0.61,198
0.61,27
0.61,138
0.61,133
0.61,142
0.61,120
0.61,302
0.61,-156
0.61,138
0.61,67
0.61,189
0.92,-32
0.92,90
0.92,94
0.92,39
0.92,203
0.92,39
0.92,108
0.92,94
0.92,-7
0.92,-56
0.92,60
0.92,-72
0.92,21
0.92,206
0.92,99
0.92,-255
0.92,34
0.92,99
0.92,-236
0.88,191
0.88,101
0.88,200
0.88,85
0.88,-79
0.88,265
0.88,221
0.88,125
0.88,251
0.88,-79
0.88,196
0.88,256
0.88,363
0.88,196
0.88,221
0.88,265
0.88,101
0.88,150
0.88,125
0.88,247
0.88,217
0.84,15
0.84,-10
0.84,86
0.84,-34
0.84,130
0.84,65
0.84,61
0.84,-50
0.84,61
0.84,-233
0.84,15
0.84,82
0.84,121
0.84,-34
0.84,86
0.84,-10
0.84,56
0.84,61
0.84,112
0.84,65
0.84,-50
0.84,112
0.84,225
1.09,-49
1.09,186
1.09,47
1.09,91
1.09,26
1.09,77
1.09,73
1.09,17
1.09,-24
1.09,-253
1.09,22
1.09,-131
1.09,-49
1.09,91
1.09,47
1.09,-73
1.09,-89
1.09,4
1.09,-73
1.09,-24
1.09,17
1.09,186
1.09,73
1.09,77
1.09,26
1.09,189
0.68,319
0.68,504
0.68,392
0.68,291
0.68,337
0.68,242
0.68,62
0.68,266
0.68,388
0.68,337
0.68,226
0.68,341
0.68,358
0.98,-105
0.98,73
0.98,2
0.98,-63
0.98,-246
0.98,48
0.98,30
0.98,-47
0.98,48
0.98,-227
0.98,69
0.98,108
0.98,52
0.98,103
0.98,-23
0.98,99
0.98,117
0.98,215
0.98,2
0.98,48
0.98,-246
0.98,69
0.98,103
0.98,52
0.98,99
1.09,13
1.09,22
1.09,-276
1.09,-28
1.09,69
1.09,-93
1.09,73
1.09,182
1.09,18
1.09,-257
1.09,22
1.09,87
1.09,-276
1.09,-53
1.09,39
1.09,-257
1.09,13
1.09,-77
1.09,18
1.09,185
1.09,78
1.09,0
1.09,-135
1.09,-28
1.09,182
1.09,-93
1.09,-53
1.09,87
1.09,69
1.09,73
0.91,-83
0.91,39
0.91,48
0.91,-306
0.91,-12
0.91,-58
0.91,152
0.91,57
0.91,9
0.91,155
0.91,-30
0.91,-123
0.91,-12
0.91,-17
0.91,13
0.91,-165
0.91,-287
0.91,-107
0.91,48
0.91,-12
0.91,39
0.91,-306
0.91,-30
1,504
1,397
1,184
1,362
1,62
1,501
1,266
1,337
1,337
1,226
1,319
1,362
1,332
1,319
1,397
1,242
1,501
1,62
1,406
1,358
1.75,504
1.75,397
1.75,184
1.75,392
1.75,332
1.75,362
1.75,62
1.75,266
1.75,337
1.75,291
1.75,242
1.75,406
1.75,388
1.75,358
1.75,341
1.75,337
1.75,226
1.75,319
1.75,184
1.75,362
1.75,332
1.75,319
1.75,397
1.75,291
1.75,337
1.75,242
1.75,501
1.75,62
1.75,266
1.75,388
1.75,337
1.75,226
1.75,341
1.75,406
1.75,358
1.79,82
1.79,15
1.79,228
1.79,-214
1.79,61
1.79,121
1.79,56
1.79,-10
1.79,86
1.79,-34
1.79,116
1.79,-92
1.79,225
1.79,130
1.79,65
1.79,61
1.79,-214
1.79,-233
1.79,-50
1.79,61
1.79,-233
1.79,15
1.79,82
1.79,121
1.79,-34
1.79,86
1.79,-10
1.79,56
1.79,61
1.79,112
1.79,65
1.79,228
1.79,225
1.79,-92
1.79,130
2.05,64
2.05,-114
2.05,90
2.05,-32
2.05,-72
2.05,60
2.05,-56
2.05,-7
2.05,108
2.05,39
2.05,34
2.05,-236
2.05,21
2.05,-255
2.05,206
2.05,-114
2.05,-32
2.05,90
2.05,94
2.05,39
2.05,203
2.05,39
2.05,108
2.05,94
2.05,-7
2.05,-56
2.05,60
2.05,-72
2.05,21
2.05,206
2.05,99
2.05,-255
2.05,34
2.05,99
2.05,-236
1.97,191
1.97,101
1.97,-98
1.97,85
1.97,265
1.97,221
1.97,363
1.97,256
1.97,178
1.97,125
1.97,360
1.97,150
1.97,251
1.97,247
1.97,217
1.97,200
1.97,196
1.97,-98
1.97,-79
1.97,196
1.97,85
1.97,256
1.97,363
1.97,196
1.97,221
1.97,265
1.97,101
1.97,150
1.97,125
1.97,247
1.97,251
1.97,360
2.06,-117
2.06,-121
2.06,-232
2.06,-100
2.06,46
2.06,-121
2.06,-66
2.06,-415
2.06,-70
2.06,-216
2.06,-192
2.06,-139
2.06,-274
2.06,-396
2.06,-96
2.06,-167
2.06,-232
2.06,-121
2.06,46
2.06,-167
2.06,-121
2.06,-117
2.06,-126
2.06,-192
2.06,-216
2.06,-100
2.06,-52
2.06,-415
2.06,-66
2.06,-96
2.06,-396
2.06,-61
2.06,-126
1.76,82
1.76,15
1.76,228
1.76,-214
1.76,61
1.76,121
1.76,56
1.76,-10
1.76,86
1.76,-34
1.76,116
1.76,-92
1.76,225
1.76,130
1.76,65
1.76,-233
1.76,121
1.76,116
1.76,65
1.76,-50
1.76,112
1.76,228
1.76,225
1.76,-92
1.76,130
1.94,207
1.94,485
1.94,223
1.94,300
1.94,387
1.94,165
1.94,24
1.94,378
1.94,313
1.94,369
1.94,272
1.94,322
1.94,482
1.94,339
1.94,318
1.94,300
1.94,223
1.94,165
1.94,387
1.94,343
1.94,485
1.94,207
1.94,369
1.94,378
1.94,24
1.94,482
1.94,373
1.94,318
1.94,339
1.94,322
1.94,25
1.94,-97
1.94,-26
1.94,-301
1.94,-5
1.94,34
1.94,138
1.94,-22
1.94,141
1.94,-320
1.94,-44
1.94,-26
1.94,-72
1.94,-1
1.94,-5
1.94,-301
1.94,-137
1.94,-97
1.94,25
1.94,141
1.94,-22
1.94,-26
1.94,138
1.94,29
1.94,-179
1.94,34
1.94,-26
1.94,-31
1.94,-320
1.94,-44
1.97,82
1.97,15
1.97,228
1.97,-214
1.97,61
1.97,121
1.97,56
1.97,-34
1.97,116
1.97,-92
1.97,225
1.97,130
1.97,65
1.97,61
1.97,-50
1.97,61
1.97,-233
1.97,15
1.97,121
1.97,116
1.97,-34
1.97,86
1.97,-10
1.97,56
1.97,61
1.97,112
1.97,65
1.97,112
1.97,228
1.97,225
1.97,-92
1.97,130
1.86,191
1.86,101
1.86,-98
1.86,200
1.86,85
1.86,-79
1.86,221
1.86,363
1.86,196
1.86,256
1.86,178
1.86,360
1.86,150
1.86,251
1.86,-98
1.86,196
1.86,191
1.86,256
1.86,363
1.86,196
1.86,221
1.86,265
1.86,101
1.86,150
1.86,125
1.86,247
1.86,217
1.86,178
1.86,360
1.92,163
1.92,-15
1.92,-137
1.92,305
1.92,198
1.92,27
1.92,138
1.92,133
1.92,142
1.92,120
1.92,302
1.92,-156
1.92,138
1.92,67
1.92,92
1.92,193
1.92,305
1.92,-137
1.92,198
1.92,159
1.92,163
1.92,120
1.92,-156
1.92,142
1.92,133
1.92,138
1.92,207
1.92,-15
1.92,67
1.92,92
1.92,193
1.92,27
1.92,138
2.09,-112
2.09,-35
2.09,-292
2.09,52
2.09,8
2.09,-170
2.09,-22
2.09,4
2.09,-17
2.09,38
2.09,147
2.09,-88
2.09,-311
2.09,-17
2.09,-35
2.09,-170
2.09,8
2.09,-292
2.09,34
2.09,150
2.09,-63
2.09,52
2.09,-13
2.09,-128
2.09,-13
2.09,-17
2.07,387
2.07,165
2.07,24
2.07,378
2.07,318
2.07,313
2.07,247
2.07,369
2.07,482
2.07,339
2.07,373
2.07,300
2.07,343
2.07,165
2.07,387
2.07,343
2.07,485
2.07,207
2.07,369
2.07,247
2.07,313
2.07,378
2.07,24
2.07,318
2.07,373
2.07,318
2.07,339
2.07,322
2.09,89
2.09,71
2.09,84
2.09,158
2.09,18
2.09,144
2.09,114
2.09,140
2.09,-22
2.09,93
2.09,-205
2.09,110
2.09,-186
2.09,89
2.09,-64
2.09,149
2.09,-6
2.09,158
2.09,253
2.09,84
2.09,253
2.09,71
2.09,89
2.09,-205
2.09,93
2.09,-22
2.09,140
2.09,114
2.09,149
2.09,-64
2.09,-6
2.09,256
2,207
2,485
2,223
2,300
2,387
2,165
2,24
2,318
2,313
2,247
2,272
2,322
2,482
2,339
2,318
2,343
2,223
2,165
2,387
2,369
2,378
2,24
2,318
2,482
2,373
2,318
2,272
2,322
1.78,94
1.78,68
1.78,25
1.78,38
1.78,68
1.78,-110
1.78,38
1.78,-110
1.78,25
1.78,207
1.78,-28
1.78,103
1.78,47
1.78,43
1.78,-251
1.78,-68
1.78,210
1.78,-52
1.78,-68
1.78,-232
1.78,112
1.78,64
1.78,-28
1.78,98
1.78,-3
1.71,101
1.71,200
1.71,363
1.71,196
1.71,178
1.71,125
1.71,360
1.71,150
1.71,247
1.71,217
1.71,-79
1.71,196
1.71,85
1.71,191
1.71,196
1.71,221
1.71,265
1.71,101
1.71,150
1.71,247
1.71,251
1.71,178
1.71,360
1.72,169
1.72,183
1.72,135
1.72,114
1.72,68
1.72,118
1.72,165
1.72,96
1.72,-180
1.72,-161
1.72,109
1.72,281
1.72,114
1.72,174
1.72,135
1.72,118
1.72,139
1.72,68
1.92,207
1.92,485
1.92,223
1.92,387
1.92,165
1.92,378
1.92,318
1.92,313
1.92,369
1.92,272
1.92,322
1.92,482
1.92,373
1.92,318
1.92,300
1.92,223
1.92,343
1.92,485
1.92,207
1.92,369
1.92,247
1.92,313
1.92,24
1.92,318
1.92,482
1.92,339
1.92,272
1.92,322
2.02,-105
2.02,48
2.02,-63
2.02,215
2.02,2
2.02,48
2.02,-246
2.02,215
2.02,73
2.02,-105
2.02,212
2.02,108
2.02,69
2.02,-227
2.02,-47
2.02,30
2.02,48
2.02,103
2.02,117
2.02,212
2.02,52
2.02,99
1.58,-63
1.58,-246
1.58,48
1.58,30
1.58,-47
1.58,48
1.58,-227
1.58,69
1.58,108
1.58,52
1.58,103
1.58,-23
1.58,99
1.58,117
1.58,-63
1.58,215
1.58,2
1.58,48
1.58,-246
1.58,215
1.58,73
1.58,212
1.58,-227
1.58,-47
1.58,48
1.58,212
1.58,52
1.58,-23
1.61,-15
1.61,-137
1.61,305
1.61,198
1.61,27
1.61,138
1.61,133
1.61,142
1.61,120
1.61,302
1.61,-156
1.61,138
1.61,67
1.61,189
1.92,-32
1.92,90
1.92,94
1.92,39
1.92,203
1.92,39
1.92,108
1.92,94
1.92,-7
1.92,-56
1.92,60
1.92,-72
1.92,21
1.92,206
1.92,99
1.92,-255
1.92,34
1.92,99
1.92,-236
1.88,191
1.88,101
1.88,200
1.88,85
1.88,-79
1.88,265
1.88,221
1.88,125
1.88,251
1.88,-79
1.88,196
1.88,256
1.88,363
1.88,196
1.88,221
1.88,265
1.88,101
1.88,150
1.88,125
1.88,247
1.88,217
1.84,15
1.84,-10
1.84,86
1.84,-34
1.84,130
1.84,65
1.84,61
1.84,-50
1.84,61
1.84,-233
1.84,15
1.84,82
1.84,121
1.84,-34
1.84,86
1.84,-10
1.84,56
1.84,61
1.84,112
1.84,65
1.84,-50
1.84,112
1.84,225
2.09,-49
2.09,186
2.09,47
2.09,91
2.09,26
2.09,77
2.09,73
2.09,17
2.09,-24
2.09,-253
2.09,22
2.09,-131
2.09,-49
2.09,91
2.09,47
2.09,-73
2.09,-89
2.09,4
2.09,-73
2.09,-24
2.09,17
2.09,186
2.09,73
2.09,77
2.09,26
2.09,189
1.68,319
1.68,504
1.68,392
1.68,291
1.68,337
1.68,242
1.68,62
1.68,266
1.68,388
1.68,337
1.68,226
1.68,341
1.68,358
1.98,-105
1.98,73
1.98,2
1.98,-63
1.98,-246
1.98,48
1.98,30
1.98,-47
1.98,48
1.98,-227
1.98,69
1.98,108
1.98,52
1.98,103
1.98,-23
1.98,99
1.98,117
1.98,215
1.98,2
1.98,48
1.98,-246
1.98,69
1.98,103
1.98,52
1.98,99
2.09,13
2.09,22
2.09,-276
2.09,-28
2.09,69
2.09,-93
2.09,73
2.09,182
2.09,18
2.09,-257
2.09,22
2.09,87
2.09,-276
2.09,-53
2.09,39
2.09,-257
2.09,13
2.09,-77
2.09,18
2.09,185
2.09,78
2.09,0
2.09,-135
2.09,-28
2.09,182
2.09,-93
2.09,-53
2.09,87
2.09,69
2.09,73
1.91,-83
1.91,39
1.91,48
1.91,-306
1.91,-12
1.91,-58
1.91,152
1.91,57
1.91,9
1.91,155
1.91,-30
1.91,-123
1.91,-12
1.91,-17
1.91,13
1.91,-165
1.91,-287
1.91,-107
1.91,48
1.91,-12
1.91,39
1.91,-306
1.91,-30
2,504
2,397
2,184
2,362
2,62
2,501
2,266
2,337
2,337
2,226
2,319
2,362
2,332
2,319
2,397
2,242
2,501
2,62
2,406
2,358
2.75,504
2.75,397
2.75,184
2.75,392
2.75,332
2.75,362
2.75,62
2.75,266
2.75,337
2.75,291
2.75,242
2.75,406
2.75,388
2.75,358
2.75,341
2.75,337
2.75,226
2.75,319
2.75,184
2.75,362
2.75,332
2.75,319
2.75,397
2.75,291
2.75,337
2.75,242
2.75,501
2.75,62
2.75,266
2.75,388
2.75,337
2.75,226
2.75,341
2.75,406
2.75,358
2.79,82
2.79,15
2.79,228
2.79,-214
2.79,61
2.79,121
2.79,56
2.79,-10
2.79,86
2.79,-34
2.79,116
2.79,-92
2.79,225
2.79,130
2.79,65
2.79,61
2.79,-214
2.79,-233
2.79,-50
2.79,61
2.79,-233
2.79,15
2.79,82
2.79,121
2.79,-34
2.79,86
2.79,-10
2.79,56
2.79,61
2.79,112
2.79,65
2.79,228
2.79,225
2.79,-92
2.79,130
3.05,64
3.05,-114
3.05,90
3.05,-32
3.05,-72
3.05,60
3.05,-56
3.05,-7
3.05,108
3.05,39
3.05,34
3.05,-236
3.05,21
3.05,-255
3.05,206
3.05,-114
3.05,-32
3.05,90
3.05,94
3.05,39
3.05,203
3.05,39
3.05,108
3.05,94
3.05,-7
3.05,-56
3.05,60
3.05,-72
3.05,21
3.05,206
3.05,99
3.05,-255
3.05,34
3.05,99
3.05,-236
2.97,191
2.97,101
2.97,-98
2.97,85
2.97,265
2.97,221
2.97,363
2.97,256
2.97,178
2.97,125
2.97,360
2.97,150
2.97,251
2.97,247
2.97,217
2.97,200
2.97,196
2.97,-98
2.97,-79
2.97,196
2.97,85
2.97,256
2.97,363
2.97,196
2.97,221
2.97,265
2.97,101
2.97,150
2.97,125
2.97,247
2.97,251
2.97,360
3.06,-117
3.06,-121
3.06,-232
3.06,-100
3.06,46
3.06,-121
3.06,-66
3.06,-415
3.06,-70
3.06,-216
3.06,-192
3.06,-139
3.06,-274
3.06,-396
3.06,-96
3.06,-167
3.06,-232
3.06,-121
3.06,46
3.06,-167
3.06,-121
3.06,-117
3.06,-126
3.06,-192
3.06,-216
3.06,-100
3.06,-52
3.06,-415
3.06,-66
3.06,-96
3.06,-396
3.06,-61
3.06,-126
2.76,82
2.76,15
2.76,228
2.76,-214
2.76,61
2.76,121
2.76,56
2.76,-10
2.76,86
2.76,-34
2.76,116
2.76,-92
2.76,225
2.76,130
2.76,65
2.76,-233
2.76,121
2.76,116
2.76,65
2.76,-50
2.76,112
2.76,228
2.76,225
2.76,-92
2.76,130
2.94,207
2.94,485
2.94,223
2.94,300
2.94,387
2.94,165
2.94,24
2.94,378
2.94,313
2.94,369
2.94,272
2.94,322
2.94,482
2.94,339
2.94,318
2.94,300
2.94,223
2.94,165
2.94,387
2.94,343
2.94,485
2.94,207
2.94,369
2.94,378
2.94,24
2.94,482
2.94,373
2.94,318
2.94,339
2.94,322
2.94,25
2.94,-97
2.94,-26
2.94,-301
2.94,-5
2.94,34
2.94,138
2.94,-22
2.94,141
2.94,-320
2.94,-44
2.94,-26
2.94,-72
2.94,-1
2.94,-5
2.94,-301
2.94,-137
2.94,-97
2.94,25
2.94,141
2.94,-22
2.94,-26
2.94,138
2.94,29
2.94,-179
2.94,34
2.94,-26
2.94,-31
2.94,-320
2.94,-44
2.97,82
2.97,15
2.97,228
2.97,-214
2.97,61
2.97,121
2.97,56
2.97,-34
2.97,116
2.97,-92
2.97,225
2.97,130
2.97,65
2.97,61
2.97,-50
2.97,61
2.97,-233
2.97,15
2.97,121
2.97,116
2.97,-34
2.97,86
2.97,-10
2.97,56
2.97,61
2.97,112
2.97,65
2.97,112
2.97,228
2.97,225
2.97,-92
2.97,130
2.86,191
2.86,101
2.86,-98
2.86,200
2.86,85
2.86,-79
2.86,221
2.86,363
2.86,196
2.86,256
2.86,178
2.86,360
2.86,150
2.86,251
2.86,-98
2.86,196
2.86,191
2.86,256
2.86,363
2.86,196
2.86,221
2.86,265
2.86,101
2.86,150
2.86,125
2.86,247
2.86,217
2.86,178
2.86,360
2.92,163
2.92,-15
2.92,-137
2.92,305
2.92,198
2.92,27
2.92,138
2.92,133
2.92,142
2.92,120
2.92,302
2.92,-156
2.92,138
2.92,67
2.92,92
2.92,193
2.92,305
2.92,-137
2.92,198
2.92,159
2.92,163
2.92,120
2.92,-156
2.92,142
2.92,133
2.92,138
2.92,207
2.92,-15
2.92,67
2.92,92
2.92,193
2.92,27
2.92,138
3.09,-112
3.09,-35
3.09,-292
3.09,52
3.09,8
3.09,-170
3.09,-22
3.09,4
3.09,-17
3.09,38
3.09,147
3.09,-88
3.09,-311
3.09,-17
3.09,-35
3.09,-170
3.09,8
3.09,-292
3.09,34
3.09,150
3.09,-63
3.09,52
3.09,-13
3.09,-128
3.09,-13
3.09,-17
3.07,387
3.07,165
3.07,24
3.07,378
3.07,318
3.07,313
3.07,247
3.07,369
3.07,482
3.07,339
3.07,373
3.07,300
3.07,343
3.07,165
3.07,387
3.07,343
3.07,485
3.07,207
3.07,369
3.07,247
3.07,313
3.07,378
3.07,24
3.07,318
3.07,373
3.07,318
3.07,339
3.07,322
3.09,89
3.09,71
3.09,84
3.09,158
3.09,18
3.09,144
3.09,114
3.09,140
3.09,-22
3.09,93
3.09,-205
3.09,110
3.09,-186
3.09,89
3.09,-64
3.09,149
3.09,-6
3.09,158
3.09,253
3.09,84
3.09,253
3.09,71
3.09,89
3.09,-205
3.09,93
3.09,-22
3.09,140
3.09,114
3.09,149
3.09,-64
3.09,-6
3.09,256
3,207
3,485
3,223
3,300
3,387
3,165
3,24
3,318
3,313
3,247
3,272
3,322
3,482
3,339
3,318
3,343
3,223
3,165
3,387
3,369
3,378
3,24
3,318
3,482
3,373
3,318
3,272
3,322
2.78,94
2.78,68
2.78,25
2.78,38
2.78,68
2.78,-110
2.78,38
2.78,-110
2.78,25
2.78,207
2.78,-28
2.78,103
2.78,47
2.78,43
2.78,-251
2.78,-68
2.78,210
2.78,-52
2.78,-68
2.78,-232
2.78,112
2.78,64
2.78,-28
2.78,98
2.78,-3
2.71,101
2.71,200
2.71,363
2.71,196
2.71,178
2.71,125
2.71,360
2.71,150
2.71,247
2.71,217
2.71,-79
2.71,196
2.71,85
2.71,191
2.71,196
2.71,221
2.71,265
2.71,101
2.71,150
2.71,247
2.71,251
2.71,178
2.71,360
2.72,169
2.72,183
2.72,135
2.72,114
2.72,68
2.72,118
2.72,165
2.72,96
2.72,-180
2.72,-161
2.72,109
2.72,281
2.72,114
2.72,174
2.72,135
2.72,118
2.72,139
2.72,68
2.92,207
2.92,485
2.92,223
2.92,387
2.92,165
2.92,378
2.92,318
2.92,313
2.92,369
2.92,272
2.92,322
2.92,482
2.92,373
2.92,318
2.92,300
2.92,223
2.92,343
2.92,485
2.92,207
2.92,369
2.92,247
2.92,313
2.92,24
2.92,318
2.92,482
2.92,339
2.92,272
2.92,322
3.02,-105
3.02,48
3.02,-63
3.02,215
3.02,2
3.02,48
3.02,-246
3.02,215
3.02,73
3.02,-105
3.02,212
3.02,108
3.02,69
3.02,-227
3.02,-47
3.02,30
3.02,48
3.02,103
3.02,117
3.02,212
3.02,52
3.02,99
2.58,-63
2.58,-246
2.58,48
2.58,30
2.58,-47
2.58,48
2.58,-227
2.58,69
2.58,108
2.58,52
2.58,103
2.58,-23
2.58,99
2.58,117
2.58,-63
2.58,215
2.58,2
2.58,48
2.58,-246
2.58,215
2.58,73
2.58,212
2.58,-227
2.58,-47
2.58,48
2.58,212
2.58,52
2.58,-23
2.61,-15
2.61,-137
2.61,305
2.61,198
2.61,27
2.61,138
2.61,133
2.61,142
2.61,120
2.61,302
2.61,-156
2.61,138
2.61,67
2.61,189
2.92,-32
2.92,90
2.92,94
2.92,39
2.92,203
2.92,39
2.92,108
2.92,94
2.92,-7
2.92,-56
2.92,60
2.92,-72
2.92,21
2.92,206
2.92,99
2.92,-255
2.92,34
2.92,99
2.92,-236
2.88,191
2.88,101
2.88,200
2.88,85
2.88,-79
2.88,265
2.88,221
2.88,125
2.88,251
2.88,-79
2.88,196
2.88,256
2.88,363
2.88,196
2.88,221
2.88,265
2.88,101
2.88,150
2.88,125
2.88,247
2.88,217
2.84,15
2.84,-10
2.84,86
2.84,-34
2.84,130
2.84,65
2.84,61
2.84,-50
2.84,61
2.84,-233
2.84,15
2.84,82
2.84,121
2.84,-34
2.84,86
2.84,-10
2.84,56
2.84,61
2.84,112
2.84,65
2.84,-50
2.84,112
2.84,225
3.09,-49
3.09,186
3.09,47
3.09,91
3.09,26
3.09,77
3.09,73
3.09,17
3.09,-24
3.09,-253
3.09,22
3.09,-131
3.09,-49
3.09,91
3.09,47
3.09,-73
3.09,-89
3.09,4
3.09,-73
3.09,-24
3.09,17
3.09,186
3.09,73
3.09,77
3.09,26
3.09,189
2.68,319
2.68,504
2.68,392
2.68,291
2.68,337
2.68,242
2.68,62
2.68,266
2.68,388
2.68,337
2.68,226
2.68,341
2.68,358
2.98,-105
2.98,73
2.98,2
2.98,-63
2.98,-246
2.98,48
2.98,30
2.98,-47
2.98,48
2.98,-227
2.98,69
2.98,108
2.98,52
2.98,103
2.98,-23
2.98,99
2.98,117
2.98,215
2.98,2
2.98,48
2.98,-246
2.98,69
2.98,103
2.98,52
2.98,99
3.09,13
3.09,22
3.09,-276
3.09,-28
3.09,69
3.09,-93
3.09,73
3.09,182
3.09,18
3.09,-257
3.09,22
3.09,87
3.09,-276
3.09,-53
3.09,39
3.09,-257
3.09,13
3.09,-77
3.09,18
3.09,185
3.09,78
3.09,0
3.09,-135
3.09,-28
3.09,182
3.09,-93
3.09,-53
3.09,87
3.09,69
3.09,73
2.91,-83
2.91,39
2.91,48
2.91,-306
2.91,-12
2.91,-58
2.91,152
2.91,57
2.91,9
2.91,155
2.91,-30
2.91,-123
2.91,-12
2.91,-17
2.91,13
2.91,-165
2.91,-287
2.91,-107
2.91,48
2.91,-12
2.91,39
2.91,-306
2.91,-30
3,504
3,397
3,184
3,362
3,62
3,501
3,266
3,337
3,337
3,226
3,319
3,362
3,332
3,319
3,397
3,242
3,501
3,62
3,406
3,358